genome,Modules,KO_number,median_comparison,median_high,median_low,IQR_high,IQR_low
Bacteroides sp. AR29,M00009,K00024,High,0.17779021,0.2060028605,0.1439770465,0.0324845545
Bacteroides sp. AR29,M00011,K00024,High,0.17779021,0.2060028605,0.1439770465,0.0324845545
Bacteroides sp. AR29,M00173,K00024,High,0.17779021,0.2060028605,0.1439770465,0.0324845545
Bacteroides sp. AR29,M00009,K00174,High,0.107055221,0.0991347145,0.00537863800000001,0.011140498
Bacteroides sp. AR29,M00011,K00174,High,0.107055221,0.0991347145,0.00537863800000001,0.011140498
Bacteroides sp. AR29,M00173,K00174,High,0.107055221,0.0991347145,0.00537863800000001,0.011140498
Bacteroides sp. AR29,M00009,K00175,High,0.0938079745,0.087225753,0.00498231325000001,0.0081262215
Bacteroides sp. AR29,M00011,K00175,High,0.0938079745,0.087225753,0.00498231325000001,0.0081262215
Bacteroides sp. AR29,M00173,K00175,High,0.0938079745,0.087225753,0.00498231325000001,0.0081262215
Bacteroides sp. AR29,M00009,K00177,High,0.087942635,0.0929052765,0.034037198,0.015351397
Bacteroides sp. AR29,M00011,K00177,High,0.087942635,0.0929052765,0.034037198,0.015351397
Bacteroides sp. AR29,M00173,K00177,High,0.087942635,0.0929052765,0.034037198,0.015351397
Bacteroides sp. AR29,M00009,K00239,High,0.1102422965,0.098738149,0.00842239724999999,0.015516635
Bacteroides sp. AR29,M00011,K00239,High,0.1102422965,0.098738149,0.00842239724999999,0.015516635
Bacteroides sp. AR29,M00173,K00239,High,0.1102422965,0.098738149,0.00842239724999999,0.015516635
Bacteroides sp. AR29,M00009,K00240,High,0.1156258035,0.093414765,0.01702425525,0.0193240675
Bacteroides sp. AR29,M00011,K00240,High,0.1156258035,0.093414765,0.01702425525,0.0193240675
Bacteroides sp. AR29,M00173,K00240,High,0.1156258035,0.093414765,0.01702425525,0.0193240675
Bacteroides sp. AR29,M00009,K00241,High,0.144437615,0.157568308,0.04126789,0.022805939
Bacteroides sp. AR29,M00011,K00241,High,0.144437615,0.157568308,0.04126789,0.022805939
Bacteroides sp. AR29,M00173,K00241,High,0.144437615,0.157568308,0.04126789,0.022805939
Bacteroides sp. AR29,M00009,K00245,High,0.1156258035,0.093414765,0.01702425525,0.0193240675
Bacteroides sp. AR29,M00011,K00245,High,0.1156258035,0.093414765,0.01702425525,0.0193240675
Bacteroides sp. AR29,M00173,K01006,High,0.1026841685,0.10455562,0.03009497525,0.01244478475
Bacteroides sp. AR29,M00173,K01007,High,0.142857143,0.119916181,0.0304749845,0.0207445295
Bacteroides sp. AR29,M00009,K01676,High,0.113580696,0.104193781,0.016091817,0.020510282
Bacteroides sp. AR29,M00011,K01676,High,0.113580696,0.104193781,0.016091817,0.020510282
Bacteroides sp. AR29,M00173,K01676,High,0.113580696,0.104193781,0.016091817,0.020510282
Bacteroides sp. AR29,M00009,K01677,High,0.113580696,0.104193781,0.016091817,0.020510282
Bacteroides sp. AR29,M00011,K01677,High,0.113580696,0.104193781,0.016091817,0.020510282
Bacteroides sp. AR29,M00173,K01677,High,0.113580696,0.104193781,0.016091817,0.020510282
Bacteroides sp. AR29,M00009,K01678,High,0.113580696,0.104193781,0.016091817,0.020510282
Bacteroides sp. AR29,M00011,K01678,High,0.113580696,0.104193781,0.016091817,0.020510282
Bacteroides sp. AR29,M00173,K01678,High,0.113580696,0.104193781,0.016091817,0.020510282
Bacteroides sp. AR29,M00173,K01960,High,0.117793588,0.1160157065,0.01434681325,0.01817077175
Clostridium aminophilum F,M00048,K00602,High,0.183409953,0.163247413,0.024613035,0.03801145875
Clostridium aminophilum F,M00048,K01923,High,0.176179158,0.1482570765,0.08252341225,0.02598397025
Clostridium aminophilum F,M00048,K01933,High,0.142845585,0.09825837,0.00945652950000003,0.01903526175
Clostridium aminophilum F,M00048,K01945,High,0.1697496645,0.149568807,0.02170517225,0.02071864175
Clostridium aminophilum F,M00048,K01952,High,0.1552893345,0.160732607,0.034218028,0.02667560675
Dorea longicatena AGR2136,M00026,K00013,High,0.187779085,0.071560406,0.0965551,0.038022968
Dorea longicatena AGR2136,M00001,K00134,High,0.092114548,0.017869511,0.0246819755,0.01081819
Dorea longicatena AGR2136,M00003,K00134,High,0.092114548,0.017869511,0.0246819755,0.01081819
Dorea longicatena AGR2136,M00165,K00134,High,0.092114548,0.017869511,0.0246819755,0.01081819
Dorea longicatena AGR2136,M00048,K00602,High,0.047619048,0.021563342,0.0181092825,0.0061711065
Dorea longicatena AGR2136,M00165,K00615,High,0.052355568,0.024097905,0.029106949,0.00146537675
Dorea longicatena AGR2136,M00026,K00765,High,0.12414966,0.011045141,0.026603499,0.081103899
Dorea longicatena AGR2136,M00026,K00817,High,0.2062681025,0.05759954,0.06618227925,0.0471316575
Dorea longicatena AGR2136,M00001,K00927,High,0.05082999,0.036124805,0.04291303775,0.002037092
Dorea longicatena AGR2136,M00003,K00927,High,0.05082999,0.036124805,0.04291303775,0.002037092
Dorea longicatena AGR2136,M00165,K00927,High,0.05082999,0.036124805,0.04291303775,0.002037092
Dorea longicatena AGR2136,M00026,K01089,High,0.2062681025,0.277335264,0.06618227925,0.1584772935
Dorea longicatena AGR2136,M00003,K01610,High,0.054897086,0.044730959,0.023345458,0.00128782149999999
Dorea longicatena AGR2136,M00026,K01693,High,0.2062681025,0.277335264,0.06618227925,0.1584772935
Dorea longicatena AGR2136,M00048,K01756,High,0.058097762,0.0364377135,0.016314073,0.02377458025
Dorea longicatena AGR2136,M00001,K01803,High,0.05082999,0.036124805,0.04291303775,0.002037092
Dorea longicatena AGR2136,M00003,K01803,High,0.05082999,0.036124805,0.04291303775,0.002037092
Dorea longicatena AGR2136,M00165,K01803,High,0.05082999,0.036124805,0.04291303775,0.002037092
Dorea longicatena AGR2136,M00001,K01810,High,0.075431034,0.07122093,0.012618595,0.00457338150000002
Dorea longicatena AGR2136,M00048,K01933,High,0.07000607,0.0472977795,0.0203146765,0.0266854995
Dorea longicatena AGR2136,M00048,K01945,High,0.0301061365,0.030855308,0.00306819100000001,0.00584266525
Dorea longicatena AGR2136,M00048,K01952,High,0.0737640255,0.038885978,0.032013647,0.00660720550000001
Dorea longicatena AGR2136,M00159,K02117,High,0.023543205,0.011533652,0.031460965,0.00266326775
Dorea longicatena AGR2136,M00159,K02118,High,0.049105443,0.027117931,0.0192705625,0
Dorea longicatena AGR2136,M00159,K02120,High,0.077441228,0.022483685,0.0631333715,0.006760435
Dorea longicatena AGR2136,M00159,K02124,High,0.061193656,0.057149661,0.02415236825,0.01048661825
Dorea longicatena AGR2136,M00026,K02502,High,0.12414966,0.011045141,0.026603499,0.081103899
Fibrobacter succinogenes HM2,M00022,K00014,High,0.094100004,0.0776597525,0.03447895425,0.03570779725
Fibrobacter succinogenes HM2,M00115,K00278,High,0.0367574125,0.027944112,0.00697654525000001,0.0124484365
Fibrobacter succinogenes HM2,M00912,K00452,High,0.080910024,0.034018987,0.048451285,0.015098043
Fibrobacter succinogenes HM2,M00115,K00767,High,0.0367574125,0.027944112,0.00697654525000001,0.0124484365
Fibrobacter succinogenes HM2,M00912,K00767,High,0.0367574125,0.027944112,0.00697654525000001,0.0124484365
Fibrobacter succinogenes HM2,M00022,K00800,High,0.071781557,0.064957676,0.01429091875,0.00910027050000001
Fibrobacter succinogenes HM2,M00022,K00891,High,0.0466143485,0.01717225,0.0456019515,0.019388687
Fibrobacter succinogenes HM2,M00115,K00969,High,0.110889111,0.028749029,0.052509255,0.002874903
Fibrobacter succinogenes HM2,M00912,K00969,High,0.110889111,0.028749029,0.052509255,0.002874903
Fibrobacter succinogenes HM2,M00022,K01735,High,0.0466143485,0.01717225,0.0456019515,0.019388687
Fibrobacter succinogenes HM2,M00115,K01950,High,0.108132313,0.096548149,0.0106330495,0.02645790675
Fibrobacter succinogenes HM2,M00912,K01950,High,0.108132313,0.096548149,0.0106330495,0.02645790675
Lachnoclostridium lavalense NLAE-zl-G277,M00019,K00053,Low,0.150730176,0.1865152955,0.01376024725,0.0190432855
Lachnoclostridium lavalense NLAE-zl-G277,M00570,K00053,Low,0.150730176,0.1865152955,0.01376024725,0.0190432855
Lachnoclostridium lavalense NLAE-zl-G277,M00019,K00826,Low,0.1350359685,0.157493043,0.01090715025,0.02318094725
Lachnoclostridium lavalense NLAE-zl-G277,M00570,K00826,Low,0.1350359685,0.157493043,0.01090715025,0.02318094725
Lachnoclostridium lavalense NLAE-zl-G277,M00019,K01652,Low,0.174808282,0.185903092,0.0166319105,0.03105863825
Lachnoclostridium lavalense NLAE-zl-G277,M00570,K01652,Low,0.174808282,0.185903092,0.0166319105,0.03105863825
Lachnoclostridium lavalense NLAE-zl-G277,M00019,K01687,Low,0.1625291785,0.1621631185,0.00729337100000002,0.016055196
Lachnoclostridium lavalense NLAE-zl-G277,M00570,K01687,Low,0.1625291785,0.1621631185,0.00729337100000002,0.016055196
Lachnospiraceae bacterium JC7,M00009,K00244,High,0.067987199,0.0787133655,0.01753856975,0.01061098875
Lachnospiraceae bacterium JC7,M00009,K01647,High,0.109576427,0.067624309,0.03811227,0.019365612
Lachnospiraceae bacterium JC7,M00009,K01678,High,0.061004785,0.0485893415,0.0163382515,0.02454138
Lachnospiraceae bacterium JC7,M00009,K01679,High,0.084711082,0.082381034,0.00268769799999999,0.073092995
Lachnospiraceae bacterium JC7,M00009,K01681,High,0.07806842,0.049198451,0.011512034,0.00774155
Lachnospiraceae bacterium NC2008,M00002,K00134,Low,0.085762685,0.1130152485,0.0436426925,0.02255962125
Lachnospiraceae bacterium NC2008,M00165,K00134,Low,0.085762685,0.1130152485,0.0436426925,0.02255962125
Lachnospiraceae bacterium NC2008,M00002,K00927,Low,0.095844038,0.1144593045,0.0282472025,0.01679330275
Lachnospiraceae bacterium NC2008,M00165,K00927,Low,0.095844038,0.1144593045,0.0282472025,0.01679330275
Lachnospiraceae bacterium NC2008,M00165,K01624,Low,0.168909382,0.183845391,0.06164849075,0.0584991035
Lachnospiraceae bacterium NC2008,M00002,K01689,Low,0.0221136165,0.023907104,0.0071240655,0.007092441
Lachnospiraceae bacterium NC2008,M00165,K01783,Low,0.022395666,0.025340244,0.016150816,0.013041868
Lachnospiraceae bacterium NC2008,M00002,K01803,Low,0.095844038,0.1144593045,0.0282472025,0.01679330275
Lachnospiraceae bacterium NC2008,M00165,K01803,Low,0.095844038,0.1144593045,0.0282472025,0.01679330275
Lachnospiraceae bacterium NC2008,M00002,K01834,Low,0.087139108,0.065354331,0.043569554,0.043569554
Lachnospiraceae bacterium NK3A20,M00173,K00031,High,0.174914492,0.168809897,0.04410377875,0.03870161125
Lachnospiraceae bacterium NK3A20,M00061,K00040,High,0.162132644,0.1120066505,0.01622920275,0.035189633
Lachnospiraceae bacterium NK3A20,M00631,K00041,High,0.1892628875,0.153844467,0.026112708,0.01447750975
Lachnospiraceae bacterium NK3A20,M00019,K00053,High,0.115699091,0.08992318,0.0103933085,0.013769708
Lachnospiraceae bacterium NK3A20,M00570,K00053,High,0.115699091,0.08992318,0.0103933085,0.013769708
Lachnospiraceae bacterium NK3A20,M00003,K00134,High,0.1054245975,0.1243560695,0.010126666,0.01177360125
Lachnospiraceae bacterium NK3A20,M00048,K00602,High,0.197171923,0.138830468,0.0362399795,0.03576989525
Lachnospiraceae bacterium NK3A20,M00565,K00700,High,0.1362128565,0.1151840605,0.02181976625,0.013285474
Lachnospiraceae bacterium NK3A20,M00565,K00703,High,0.1233644885,0.127570316,0.00950154649999999,0.01358915
Lachnospiraceae bacterium NK3A20,M00019,K00826,High,0.180411445,0.097791045,0.03408181925,0.00847455600000001
Lachnospiraceae bacterium NK3A20,M00570,K00826,High,0.180411445,0.097791045,0.03408181925,0.00847455600000001
Lachnospiraceae bacterium NK3A20,M00061,K00874,High,0.126892809,0.093339687,0.02004250525,0.02489893525
Lachnospiraceae bacterium NK3A20,M00631,K00874,High,0.126892809,0.093339687,0.02004250525,0.02489893525
Lachnospiraceae bacterium NK3A20,M00003,K00927,High,0.1427522215,0.118897537,0.020848428,0.01287963125
Lachnospiraceae bacterium NK3A20,M00565,K00975,High,0.12781326,0.1148584975,0.019316077,0.03136602075
Lachnospiraceae bacterium NK3A20,M00173,K01006,High,0.1467432115,0.0936015225,0.00928212449999999,0.0171983885
Lachnospiraceae bacterium NK3A20,M00565,K01214,High,0.209655131,0.1217023655,0.028964958,0.0121689075
Lachnospiraceae bacterium NK3A20,M00565,K01236,High,0.1362128565,0.1151840605,0.02181976625,0.013285474
Lachnospiraceae bacterium NK3A20,M00048,K01588,High,0.123580034,0.127214741,0.014460581,0.0242663445
Lachnospiraceae bacterium NK3A20,M00003,K01610,High,0.1774565005,0.1209620355,0.013989772,0.00477145174999999
Lachnospiraceae bacterium NK3A20,M00003,K01624,High,0.1265965275,0.0608717015,0.017237046,0.01187599575
Lachnospiraceae bacterium NK3A20,M00061,K01625,High,0.184558305,0.145339665,0.014196793,0.02647200125
Lachnospiraceae bacterium NK3A20,M00631,K01625,High,0.184558305,0.145339665,0.014196793,0.02647200125
Lachnospiraceae bacterium NK3A20,M00019,K01652,High,0.15160545,0.131526215,0.013598587,0.0124832
Lachnospiraceae bacterium NK3A20,M00570,K01652,High,0.15160545,0.131526215,0.013598587,0.0124832
Lachnospiraceae bacterium NK3A20,M00019,K01653,High,0.146462814,0.150115138,0.058178878,0.037933865
Lachnospiraceae bacterium NK3A20,M00570,K01653,High,0.146462814,0.150115138,0.058178878,0.037933865
Lachnospiraceae bacterium NK3A20,M00173,K01681,High,0.121079663,0.107363408,0.04176823875,0.01790579925
Lachnospiraceae bacterium NK3A20,M00631,K01685,High,0.161888202,0.145545203,0.031575479,0.079774982
Lachnospiraceae bacterium NK3A20,M00061,K01686,High,0.125911609,0.1049392965,0.0184725005,0.0171448275
Lachnospiraceae bacterium NK3A20,M00019,K01687,High,0.124840915,0.0799873705,0.039766618,0.011458679
Lachnospiraceae bacterium NK3A20,M00570,K01687,High,0.124840915,0.0799873705,0.039766618,0.011458679
Lachnospiraceae bacterium NK3A20,M00003,K01689,High,0.102495777,0.0692140415,0.006762987,0.00368675424999999
Lachnospiraceae bacterium NK3A20,M00570,K01754,High,0.1547732315,0.1460657295,0.01062653625,0.0483304015
Lachnospiraceae bacterium NK3A20,M00048,K01756,High,0.117731773,0.0761455525,0.01937133275,0.02695047275
Lachnospiraceae bacterium NK3A20,M00003,K01803,High,0.1427522215,0.118897537,0.020848428,0.01287963125
Lachnospiraceae bacterium NK3A20,M00061,K01812,High,0.1689225985,0.149285167,0.03392904675,0.02431808625
Lachnospiraceae bacterium NK3A20,M00631,K01812,High,0.1689225985,0.149285167,0.03392904675,0.02431808625
Lachnospiraceae bacterium NK3A20,M00048,K01923,High,0.259565098,0.223441978,0.0520861935000001,0.0391740647499999
Lachnospiraceae bacterium NK3A20,M00048,K01933,High,0.1970226535,0.1666547565,0.032574235,0.0206951495
Lachnospiraceae bacterium NK3A20,M00048,K01945,High,0.1891631025,0.1476650485,0.0184789645,0.0119491805
Lachnospiraceae bacterium NK3A20,M00048,K01952,High,0.1852372805,0.138293821,0.02316953925,0.012199116
Lachnospiraceae bacterium NK3A20,M00173,K01960,High,0.207458771,0.113799005,0.029995316,0.0114355305
Lachnospiraceae bacterium NK4A144,M00001,K00134,High,0.145057561,0.0791233215,0.01694411625,0.0700003125
Lachnospiraceae bacterium NK4A144,M00003,K00134,High,0.145057561,0.0791233215,0.01694411625,0.0700003125
Lachnospiraceae bacterium NK4A144,M00165,K00134,High,0.145057561,0.0791233215,0.01694411625,0.0700003125
Lachnospiraceae bacterium NK4A144,M00165,K00615,High,0.082078679,0.083462449,0.033990821,0.037837116
Lachnospiraceae bacterium NK4A144,M00001,K00850,High,0.207921691,0.080562171,0.0998299507499999,0.031414158
Lachnospiraceae bacterium NK4A144,M00001,K00927,High,0.098054884,0.090197046,0.017860935,0.017607649
Lachnospiraceae bacterium NK4A144,M00003,K00927,High,0.098054884,0.090197046,0.017860935,0.017607649
Lachnospiraceae bacterium NK4A144,M00165,K00927,High,0.098054884,0.090197046,0.017860935,0.017607649
Lachnospiraceae bacterium NK4A144,M00003,K01610,High,0.0788218745,0.050406465,0.02847100475,0.022036673
Lachnospiraceae bacterium NK4A144,M00001,K01624,High,0.060821412,0.10442128,0.05068451,0.044751977
Lachnospiraceae bacterium NK4A144,M00003,K01624,High,0.060821412,0.10442128,0.05068451,0.044751977
Lachnospiraceae bacterium NK4A144,M00165,K01624,High,0.060821412,0.10442128,0.05068451,0.044751977
Lachnospiraceae bacterium NK4A144,M00001,K01803,High,0.098054884,0.090197046,0.017860935,0.017607649
Lachnospiraceae bacterium NK4A144,M00003,K01803,High,0.098054884,0.090197046,0.017860935,0.017607649
Lachnospiraceae bacterium NK4A144,M00165,K01803,High,0.098054884,0.090197046,0.017860935,0.017607649
Lachnospiraceae bacterium NK4A144,M00001,K01810,High,0.160918607,0.106490254,0.022793565,0.079842138
Methanobrevibacter gottschalkii DSM,M00009,K00024,High,0.167249681,0.141373962,0.0312208965,0.025390126
Methanobrevibacter gottschalkii DSM,M00016,K00133,High,0.1938923195,0.115741512,0.02005245175,0.04495315325
Methanobrevibacter gottschalkii DSM,M00525,K00133,High,0.1938923195,0.115741512,0.02005245175,0.04495315325
Methanobrevibacter gottschalkii DSM,M00526,K00133,High,0.1938923195,0.115741512,0.02005245175,0.04495315325
Methanobrevibacter gottschalkii DSM,M00527,K00133,High,0.1938923195,0.115741512,0.02005245175,0.04495315325
Methanobrevibacter gottschalkii DSM,M00009,K00174,High,0.095911088,0.0784076715,0.00575898024999999,0.019063676
Methanobrevibacter gottschalkii DSM,M00009,K00175,High,0.098770773,0.073743714,0.00504406249999999,0.0154677175
Methanobrevibacter gottschalkii DSM,M00009,K00176,High,0.158008532,0.152248655,0.0245052295,0.02853180525
Methanobrevibacter gottschalkii DSM,M00009,K00177,High,0.09375578,0.079174341,0.01010569625,0.0160125245
Methanobrevibacter gottschalkii DSM,M00016,K00215,High,0.140028022,0.1367067435,0.03856607925,0.01150726
Methanobrevibacter gottschalkii DSM,M00525,K00215,High,0.140028022,0.1367067435,0.03856607925,0.01150726
Methanobrevibacter gottschalkii DSM,M00526,K00215,High,0.140028022,0.1367067435,0.03856607925,0.01150726
Methanobrevibacter gottschalkii DSM,M00527,K00215,High,0.140028022,0.1367067435,0.03856607925,0.01150726
Methanobrevibacter gottschalkii DSM,M00009,K00239,High,0.091014775,0.0839859,0.00811555825,0.00397690149999999
Methanobrevibacter gottschalkii DSM,M00009,K00241,High,0.1479996695,0.1321411335,0.02131567175,0.011950326
Methanobrevibacter gottschalkii DSM,M00009,K00382,High,0.1561473915,0.1565884215,0.03029032575,0.011891767
Methanobrevibacter gottschalkii DSM,M00924,K00595,High,0.141011363,0.107159312,0.0132589665,0.025927595
Methanobrevibacter gottschalkii DSM,M00925,K00595,High,0.141011363,0.107159312,0.0132589665,0.025927595
Methanobrevibacter gottschalkii DSM,M00016,K00821,High,0.100703039,0.090286929,0.0096413355,0.021799763
Methanobrevibacter gottschalkii DSM,M00003,K00927,High,0.1033106525,0.0732936945,0.00676054574999999,0.01372405725
Methanobrevibacter gottschalkii DSM,M00016,K00928,High,0.134210812,0.0726316285,0.03114235825,0.02493538225
Methanobrevibacter gottschalkii DSM,M00525,K00928,High,0.134210812,0.0726316285,0.03114235825,0.02493538225
Methanobrevibacter gottschalkii DSM,M00526,K00928,High,0.134210812,0.0726316285,0.03114235825,0.02493538225
Methanobrevibacter gottschalkii DSM,M00527,K00928,High,0.134210812,0.0726316285,0.03114235825,0.02493538225
Methanobrevibacter gottschalkii DSM,M00016,K01586,High,0.061477518,0.067584559,0.00641019800000001,0.00697971149999999
Methanobrevibacter gottschalkii DSM,M00525,K01586,High,0.061477518,0.067584559,0.00641019800000001,0.00697971149999999
Methanobrevibacter gottschalkii DSM,M00526,K01586,High,0.061477518,0.067584559,0.00641019800000001,0.00697971149999999
Methanobrevibacter gottschalkii DSM,M00527,K01586,High,0.061477518,0.067584559,0.00641019800000001,0.00697971149999999
Methanobrevibacter gottschalkii DSM,M00003,K01622,High,0.1035448655,0.121040547,0.00798419400000001,0.03759470325
Methanobrevibacter gottschalkii DSM,M00009,K01647,High,0.131142287,0.074548937,0.019009454,0.01805514
Methanobrevibacter gottschalkii DSM,M00009,K01676,High,0.104401689,0.112562365,0.02711504025,0.01194098425
Methanobrevibacter gottschalkii DSM,M00009,K01677,High,0.087992102,0.095756111,0.015453169,0.0115256745
Methanobrevibacter gottschalkii DSM,M00009,K01678,High,0.120422103,0.137237285,0.03312225975,0.028931483
Methanobrevibacter gottschalkii DSM,M00003,K01689,High,0.1314582725,0.0839522765,0.0117830965,0.02055760975
Methanobrevibacter gottschalkii DSM,M00016,K01714,High,0.1565259645,0.122551362,0.03701758625,0.0337431615
Methanobrevibacter gottschalkii DSM,M00525,K01714,High,0.1565259645,0.122551362,0.03701758625,0.0337431615
Methanobrevibacter gottschalkii DSM,M00526,K01714,High,0.1565259645,0.122551362,0.03701758625,0.0337431615
Methanobrevibacter gottschalkii DSM,M00527,K01714,High,0.1565259645,0.122551362,0.03701758625,0.0337431615
Methanobrevibacter gottschalkii DSM,M00016,K01778,High,0.0895911325,0.077497864,0.017277623,0.01294570825
Methanobrevibacter gottschalkii DSM,M00525,K01778,High,0.0895911325,0.077497864,0.017277623,0.01294570825
Methanobrevibacter gottschalkii DSM,M00527,K01778,High,0.0895911325,0.077497864,0.017277623,0.01294570825
Methanobrevibacter gottschalkii DSM,M00003,K01803,High,0.13013286,0.10177057,0.01136998425,0.0161764955
Methanobrevibacter gottschalkii DSM,M00009,K01902,High,0.1352669745,0.104097636,0.010473471,0.018606654
Methanobrevibacter gottschalkii DSM,M00009,K01903,High,0.136623898,0.105033914,0.01536763725,0.017780266
Methanobrevibacter gottschalkii DSM,M00924,K02188,High,0.140563045,0.1308879265,0.00969984000000002,0.02732027525
Methanobrevibacter gottschalkii DSM,M00924,K02191,High,0.1097062525,0.0939110865,0.01207670725,0.022857526
Methanobrevibacter gottschalkii DSM,M00924,K02224,High,0.1206782515,0.113585666,0.010929256,0.0111169765
Methanobrevibacter gottschalkii DSM,M00925,K02224,High,0.1206782515,0.113585666,0.010929256,0.0111169765
Methanobrevibacter gottschalkii DSM,M00925,K02230,High,0.127283231,0.117729908,0.01717702,0.0337645935
Methanobrevibacter gottschalkii DSM,M00924,K02303,High,0.100541242,0.086382577,0.00860382225,0.00664107575
Methanobrevibacter gottschalkii DSM,M00925,K02303,High,0.100541242,0.086382577,0.00860382225,0.00664107575
Mitsuokella jalaludinii DSM,M00016,K00133,High,0.137781407,0.128091286,0.037542322,0.08256004
Mitsuokella jalaludinii DSM,M00525,K00133,High,0.137781407,0.128091286,0.037542322,0.08256004
Mitsuokella jalaludinii DSM,M00526,K00133,High,0.137781407,0.128091286,0.037542322,0.08256004
Mitsuokella jalaludinii DSM,M00527,K00133,High,0.137781407,0.128091286,0.037542322,0.08256004
Mitsuokella jalaludinii DSM,M00001,K00134,High,0.1733595595,0.099309861,0.03936375325,0.03743415775
Mitsuokella jalaludinii DSM,M00003,K00134,High,0.1733595595,0.099309861,0.03936375325,0.03743415775
Mitsuokella jalaludinii DSM,M00165,K00134,High,0.1733595595,0.099309861,0.03936375325,0.03743415775
Mitsuokella jalaludinii DSM,M00048,K00602,High,0.1850088915,0.1025258295,0.0421138535000001,0.18356845825
Mitsuokella jalaludinii DSM,M00165,K00615,High,0.0973646385,0.042201496,0.023759064,0.01406716525
Mitsuokella jalaludinii DSM,M00854,K00700,High,0.222085588,0.074989939,0.048009431,0.060036645
Mitsuokella jalaludinii DSM,M00854,K00703,High,0.092455985,0.0543979155,0.00488897625,0.00680686849999999
Mitsuokella jalaludinii DSM,M00016,K00821,High,0.3423248195,0.052092907,0.1169480725,0.023875916
Mitsuokella jalaludinii DSM,M00001,K00850,High,0.089805698,0.016960577,0.06582751725,0.0008677705
Mitsuokella jalaludinii DSM,M00001,K00927,High,0.103502511,0.111143588,0.0263650155,0
Mitsuokella jalaludinii DSM,M00003,K00927,High,0.103502511,0.111143588,0.0263650155,0
Mitsuokella jalaludinii DSM,M00165,K00927,High,0.103502511,0.111143588,0.0263650155,0
Mitsuokella jalaludinii DSM,M00016,K00928,High,0.030246479,0.060492958,0,0
Mitsuokella jalaludinii DSM,M00525,K00928,High,0.030246479,0.060492958,0,0
Mitsuokella jalaludinii DSM,M00526,K00928,High,0.030246479,0.060492958,0,0
Mitsuokella jalaludinii DSM,M00527,K00928,High,0.030246479,0.060492958,0,0
Mitsuokella jalaludinii DSM,M00854,K00963,High,0,0.043517465,0.16090225575,0.046809366
Mitsuokella jalaludinii DSM,M00854,K00975,High,0.1920162595,0.094710947,0.06847225525,0.1331642955
Mitsuokella jalaludinii DSM,M00016,K01586,High,0.3212830745,0.1613219,0.07188693925,0.2515178935
Mitsuokella jalaludinii DSM,M00525,K01586,High,0.3212830745,0.1613219,0.07188693925,0.2515178935
Mitsuokella jalaludinii DSM,M00526,K01586,High,0.3212830745,0.1613219,0.07188693925,0.2515178935
Mitsuokella jalaludinii DSM,M00527,K01586,High,0.3212830745,0.1613219,0.07188693925,0.2515178935
Mitsuokella jalaludinii DSM,M00003,K01610,High,0.1777195295,0.160822847,0.019198999,0.0111958395
Mitsuokella jalaludinii DSM,M00001,K01624,High,0.111409008,0.084238755,0.0304427425,0.08789033825
Mitsuokella jalaludinii DSM,M00003,K01624,High,0.111409008,0.084238755,0.0304427425,0.08789033825
Mitsuokella jalaludinii DSM,M00165,K01624,High,0.111409008,0.084238755,0.0304427425,0.08789033825
Mitsuokella jalaludinii DSM,M00001,K01689,High,0.148885724,0.1299899695,0.03407775425,0.051754834
Mitsuokella jalaludinii DSM,M00003,K01689,High,0.148885724,0.1299899695,0.03407775425,0.051754834
Mitsuokella jalaludinii DSM,M00016,K01714,High,0.167194257,0.091419082,0.061183301,0.08040207975
Mitsuokella jalaludinii DSM,M00525,K01714,High,0.167194257,0.091419082,0.061183301,0.08040207975
Mitsuokella jalaludinii DSM,M00526,K01714,High,0.167194257,0.091419082,0.061183301,0.08040207975
Mitsuokella jalaludinii DSM,M00527,K01714,High,0.167194257,0.091419082,0.061183301,0.08040207975
Mitsuokella jalaludinii DSM,M00016,K01778,High,0.214543579,0.117998969,0.143811243,0.033979223
Mitsuokella jalaludinii DSM,M00525,K01778,High,0.214543579,0.117998969,0.143811243,0.033979223
Mitsuokella jalaludinii DSM,M00527,K01778,High,0.214543579,0.117998969,0.143811243,0.033979223
Mitsuokella jalaludinii DSM,M00165,K01783,High,0.421686747,0.45618839,0.09751505975,0.1511044175
Mitsuokella jalaludinii DSM,M00001,K01803,High,0.103502511,0.088311688,0.0259556085,0.01016782975
Mitsuokella jalaludinii DSM,M00003,K01803,High,0.103502511,0.088311688,0.0259556085,0.01016782975
Mitsuokella jalaludinii DSM,M00165,K01803,High,0.103502511,0.088311688,0.0259556085,0.01016782975
Mitsuokella jalaludinii DSM,M00165,K01808,High,0.148626944,0.094723247,0.02340900825,0.1131723565
Mitsuokella jalaludinii DSM,M00048,K01923,High,0.252782931,0.221026331,0.03240326925,0.20191713125
Mitsuokella jalaludinii DSM,M00048,K01945,High,0.256644337,0.180118085,0.0378367942499999,0.24729685525
Mitsuokella jalaludinii DSM,M00048,K01952,High,0.3799551345,0.1695930835,0.20540982225,0.28202621875
Olsenella sp. kh2p3,M00026,K00013,High,0.1971138875,0.1604510645,0.04364500175,0.016731761
Olsenella sp. kh2p3,M00009,K00031,High,0.2929267065,0.2251513225,0.031224569,0.05101973925
Olsenella sp. kh2p3,M00173,K00031,High,0.2929267065,0.2251513225,0.031224569,0.05101973925
Olsenella sp. kh2p3,M00001,K00134,High,0.338002205,0.1834728545,0.09086784825,0.0384487455
Olsenella sp. kh2p3,M00002,K00134,High,0.338002205,0.1834728545,0.09086784825,0.0384487455
Olsenella sp. kh2p3,M00003,K00134,High,0.338002205,0.1834728545,0.09086784825,0.0384487455
Olsenella sp. kh2p3,M00165,K00134,High,0.338002205,0.1834728545,0.09086784825,0.0384487455
Olsenella sp. kh2p3,M00009,K00244,High,0.4378938665,0.266040187,0.04556937025,0.10348699025
Olsenella sp. kh2p3,M00026,K00765,High,0.245755357,0.1639406975,0.0298440175,0.0427267945
Olsenella sp. kh2p3,M00026,K00817,High,0.1946023355,0.140734079,0.059681008,0.0211866995
Olsenella sp. kh2p3,M00001,K00850,High,0.451312739,0.288778988,0.072006453,0.0601751759999999
Olsenella sp. kh2p3,M00001,K00927,High,0.2384558945,0.1414694305,0.0280225155,0.04777718075
Olsenella sp. kh2p3,M00002,K00927,High,0.2384558945,0.1414694305,0.0280225155,0.04777718075
Olsenella sp. kh2p3,M00003,K00927,High,0.2384558945,0.1414694305,0.0280225155,0.04777718075
Olsenella sp. kh2p3,M00165,K00927,High,0.2384558945,0.1414694305,0.0280225155,0.04777718075
Olsenella sp. kh2p3,M00173,K01006,High,0.30144137,0.231042034,0.01933410925,0.07512154575
Olsenella sp. kh2p3,M00026,K01089,High,0.1684710565,0.136153919,0.04201961125,0.00722299124999998
Olsenella sp. kh2p3,M00173,K01595,High,0.2352975,0.181580194,0.01595626575,0.01437435975
Olsenella sp. kh2p3,M00003,K01610,High,0.329882813,0.241645274,0.00379175650000002,0.04095113325
Olsenella sp. kh2p3,M00001,K01624,High,0.449886929,0.412686567,0.0563922825,0.12272352175
Olsenella sp. kh2p3,M00003,K01624,High,0.449886929,0.412686567,0.0563922825,0.12272352175
Olsenella sp. kh2p3,M00165,K01624,High,0.449886929,0.412686567,0.0563922825,0.12272352175
Olsenella sp. kh2p3,M00009,K01647,High,0.3077431205,0.2787356885,0.0147439265,0.07367835875
Olsenella sp. kh2p3,M00009,K01679,High,0.293049737,0.248628373,0.036727477,0.056352975
Olsenella sp. kh2p3,M00173,K01679,High,0.293049737,0.248628373,0.036727477,0.056352975
Olsenella sp. kh2p3,M00009,K01681,High,0.179238949,0.140370642,0.021090965,0.04431019
Olsenella sp. kh2p3,M00173,K01681,High,0.179238949,0.140370642,0.021090965,0.04431019
Olsenella sp. kh2p3,M00026,K01693,High,0.1684710565,0.136153919,0.04201961125,0.00722299124999998
Olsenella sp. kh2p3,M00001,K01803,High,0.2384558945,0.1414694305,0.0280225155,0.04777718075
Olsenella sp. kh2p3,M00002,K01803,High,0.2384558945,0.1414694305,0.0280225155,0.04777718075
Olsenella sp. kh2p3,M00003,K01803,High,0.2384558945,0.1414694305,0.0280225155,0.04777718075
Olsenella sp. kh2p3,M00165,K01803,High,0.2384558945,0.1414694305,0.0280225155,0.04777718075
Olsenella sp. kh2p3,M00165,K01808,High,0.201368524,0.213938086,0.060434752,0.0784995355
Olsenella sp. kh2p3,M00001,K01834,High,0.323348694,0.091637631,0.049536115,0.102525715
Olsenella sp. kh2p3,M00002,K01834,High,0.323348694,0.091637631,0.049536115,0.102525715
Olsenella sp. kh2p3,M00003,K01834,High,0.323348694,0.091637631,0.049536115,0.102525715
Olsenella sp. kh2p3,M00026,K02500,High,0.1546296295,0.1351120855,0.05519607825,0.00995519049999999
Olsenella sp. kh2p3,M00026,K02502,High,0.245755357,0.1639406975,0.0298440175,0.0427267945
Oribacterium sp. P6A1,M00165,K00134,High,0.0386400785,0.043367347,0.0785405685,0.014842198
Oribacterium sp. P6A1,M00308,K00134,High,0.0386400785,0.043367347,0.0785405685,0.014842198
Oribacterium sp. P6A1,M00165,K00615,High,0.1063568405,0.07390174,0.02642216575,0.00380810799999999
Oribacterium sp. P6A1,M00308,K00874,High,0.082263208,0.055081498,0.045140388,0.020048942
Oribacterium sp. P6A1,M00165,K00927,High,0.094826278,0.045619519,0.03630861375,0.024727635
Oribacterium sp. P6A1,M00308,K00927,High,0.094826278,0.045619519,0.03630861375,0.024727635
Oribacterium sp. P6A1,M00165,K01624,High,0.038608696,0.051118421,0.030539682,0.01699078925
Oribacterium sp. P6A1,M00308,K01625,High,0.016958715,0.020164609,0.002555423,0.0223805835
Oribacterium sp. P6A1,M00165,K01783,High,0.0505222815,0.071541469,0.0122783235,0.001725903
Oribacterium sp. P6A1,M00165,K01803,High,0.094826278,0.045619519,0.03630861375,0.024727635
Oribacterium sp. WCC10,M00001,K00134,High,0.151992721,0.073073645,0.02533212,0.02877208175
Oribacterium sp. WCC10,M00002,K00134,High,0.151992721,0.073073645,0.02533212,0.02877208175
Oribacterium sp. WCC10,M00003,K00134,High,0.151992721,0.073073645,0.02533212,0.02877208175
Oribacterium sp. WCC10,M00165,K00134,High,0.151992721,0.073073645,0.02533212,0.02877208175
Oribacterium sp. WCC10,M00165,K00615,High,0.0699767715,0.052354107,0.01716928275,0.013478997
Oribacterium sp. WCC10,M00001,K00850,High,0.07177157,0.053872852,0.0149682765,0.02828254325
Oribacterium sp. WCC10,M00001,K00927,High,0.066073214,0.0419823,0.014507226,0.0124465605
Oribacterium sp. WCC10,M00002,K00927,High,0.066073214,0.0419823,0.014507226,0.0124465605
Oribacterium sp. WCC10,M00003,K00927,High,0.066073214,0.0419823,0.014507226,0.0124465605
Oribacterium sp. WCC10,M00165,K00927,High,0.066073214,0.0419823,0.014507226,0.0124465605
Oribacterium sp. WCC10,M00003,K01610,High,0.067068134,0.04892042,0.01319819925,0.00531303449999999
Oribacterium sp. WCC10,M00165,K01783,High,0,0.066879192,0,0.00752780725
Oribacterium sp. WCC10,M00001,K01803,High,0.066073214,0.0419823,0.014507226,0.0124465605
Oribacterium sp. WCC10,M00002,K01803,High,0.066073214,0.0419823,0.014507226,0.0124465605
Oribacterium sp. WCC10,M00003,K01803,High,0.066073214,0.0419823,0.014507226,0.0124465605
Oribacterium sp. WCC10,M00165,K01803,High,0.066073214,0.0419823,0.014507226,0.0124465605
Oribacterium sp. WCC10,M00001,K01810,High,0.076376458,0.075371504,0.012320566,0.011611285
Oribacterium sp. WCC10,M00001,K01834,High,0.134883721,0.159267735,0.053000871,0.038953694
Oribacterium sp. WCC10,M00002,K01834,High,0.134883721,0.159267735,0.053000871,0.038953694
Oribacterium sp. WCC10,M00003,K01834,High,0.134883721,0.159267735,0.053000871,0.038953694
Porphyromonadaceae bacterium NLAE-zl-C104,M00376,K00239,Low,0.0858777085,0.0867837755,0.013646095,0.00864355149999999
Porphyromonadaceae bacterium NLAE-zl-C104,M00376,K00240,Low,0.114867531,0.126575792,0.03888148725,0.034354321
Porphyromonadaceae bacterium NLAE-zl-C104,M00376,K01847,Low,0.0817031875,0.0947478575,0.019749601,0.00941701150000002
Porphyromonadaceae bacterium NLAE-zl-C104,M00376,K01849,Low,0.0817031875,0.0947478575,0.019749601,0.00941701150000002
Prevotella bryantii DSM 11371,M00009,K00239,High,0.0453964685,0.0634027515,0.01162201525,0.025200813
Prevotella bryantii DSM 11371,M00011,K00239,High,0.0453964685,0.0634027515,0.01162201525,0.025200813
Prevotella bryantii DSM 11371,M00009,K00240,High,0.099450885,0,0,0
Prevotella bryantii DSM 11371,M00011,K00240,High,0.099450885,0,0,0
Prevotella bryantii DSM 11371,M00009,K00241,High,0.212484433,0.142576419,0.00590234525,0.093824106
Prevotella bryantii DSM 11371,M00011,K00241,High,0.212484433,0.142576419,0.00590234525,0.093824106
Prevotella bryantii DSM 11371,M00009,K00244,High,0.063475418,0,0.012502734,0.0158688545
Prevotella bryantii DSM 11371,M00011,K00244,High,0.063475418,0,0.012502734,0.0158688545
Prevotella bryantii DSM 11371,M00009,K00245,High,0.099450885,0,0,0
Prevotella bryantii DSM 11371,M00011,K00245,High,0.099450885,0,0,0
Prevotella sp. MA2016,M00022,K00014,High,0.06323523,0.0568163675,0.0148981025,0.003717519
Prevotella sp. MA2016,M00022,K00800,High,0.083516065,0.0657296305,0.010027375,0.00680319825
Prevotella sp. MA2016,M00022,K00891,High,0.0552462885,0.0378971625,0.005576704,0.010066793
Prevotella sp. MA2016,M00022,K01735,High,0.126104982,0.1152625805,0.01439612925,0.019244234
Prevotella sp. MA2016,M00022,K01736,High,0.070722335,0.0564229055,0.0116156065,0.00738406075
Prevotella sp. ne3005,M00028,K00145,Low,0.0503538305,0.0581067545,0.00820004200000001,0.014205553
Prevotella sp. ne3005,M00028,K00821,Low,0.055800632,0.068569662,0.0051761585,0.0160229695
Prevotella sp. ne3005,M00028,K00930,Low,0.0796085365,0.089304316,0.022442874,0.01767361325
Prevotella sp. ne3005,M00028,K01438,Low,0.071268628,0.103221111,0.0243906035,0.02680954725
Propionibacteriaceae bacterium P6A17,M00009,K00239,Low,0.3763586955,0.34890108,0.05968545225,0.03687991875
Propionibacteriaceae bacterium P6A17,M00011,K00239,Low,0.3763586955,0.34890108,0.05968545225,0.03687991875
Propionibacteriaceae bacterium P6A17,M00009,K00240,Low,0.4982024545,0.563813938,0.0729346452500001,0.142545751
Propionibacteriaceae bacterium P6A17,M00011,K00240,Low,0.4982024545,0.563813938,0.0729346452500001,0.142545751
Propionibacteriaceae bacterium P6A17,M00009,K00245,Low,0.4982024545,0.563813938,0.0729346452500001,0.142545751
Propionibacteriaceae bacterium P6A17,M00011,K00245,Low,0.4982024545,0.563813938,0.0729346452500001,0.142545751
Propionibacteriaceae bacterium P6A17,M00009,K01676,Low,0.311249137,0.4459265905,0.0809586425,0.0480228635000001
Propionibacteriaceae bacterium P6A17,M00011,K01676,Low,0.311249137,0.4459265905,0.0809586425,0.0480228635000001
Propionibacteriaceae bacterium P6A17,M00009,K01677,Low,0.311249137,0.4459265905,0.0809586425,0.0480228635000001
Propionibacteriaceae bacterium P6A17,M00011,K01677,Low,0.311249137,0.4459265905,0.0809586425,0.0480228635000001
Propionibacteriaceae bacterium P6A17,M00009,K01678,Low,0.311249137,0.4459265905,0.0809586425,0.0480228635000001
Propionibacteriaceae bacterium P6A17,M00011,K01678,Low,0.311249137,0.4459265905,0.0809586425,0.0480228635000001
Ruminococcaceae bacterium AB4001,M00048,K00602,Low,0.0486441,0.1139692615,0.02904112675,0.0110530645
Ruminococcaceae bacterium AB4001,M00048,K00764,Low,0.047962845,0.061179611,0.010894079,0.0168325765
Ruminococcaceae bacterium AB4001,M00048,K01756,Low,0.049937341,0.083941057,0.022559558,0.00712961700000001
Ruminococcaceae bacterium AB4001,M00048,K01923,Low,0.0461130875,0.039891538,0.01246473775,0.01262138375
Ruminococcaceae bacterium AB4001,M00048,K01933,Low,0.087692308,0.11423519,0.028692381,0.0234695325
Ruminococcaceae bacterium AB4001,M00048,K01945,Low,0.0436070425,0.0472520745,0.00503132125,0.0051841665
Ruminococcaceae bacterium AB4001,M00048,K01952,Low,0.131813609,0.162620676,0.0227222655,0.0227851
Ruminococcaceae bacterium P7,M00048,K00602,Low,0.063063954,0.083007014,0.0254249785,0.032470569
Ruminococcaceae bacterium P7,M00855,K00688,High,0.126519171,0.13740615,0.0190530825,0.04174939025
Ruminococcaceae bacterium P7,M00855,K00705,High,0.1232018855,0.1108951815,0.00922443525000002,0.01049780425
Ruminococcaceae bacterium P7,M00048,K00764,Low,0.064870115,0.071376508,0.025159459,0.00528194
Ruminococcaceae bacterium P7,M00855,K01200,High,0.176297903,0.1227720825,0.0242802985,0.0463127805
Ruminococcaceae bacterium P7,M00048,K01587,Low,0.040979187,0.074099352,0.0102639095,0.0181326425
Ruminococcaceae bacterium P7,M00048,K01756,Low,0.0453718955,0.054202165,0.00423847474999999,0.0152968975
Ruminococcaceae bacterium P7,M00855,K01835,High,0.1319857145,0.1039865965,0.02267006725,0.01676168975
Ruminococcaceae bacterium P7,M00048,K01923,Low,0.040979187,0.074099352,0.0102639095,0.0181326425
Ruminococcaceae bacterium P7,M00048,K01933,Low,0.0811076145,0.1172880895,0.016173677,0.031723786
Ruminococcaceae bacterium P7,M00048,K01945,Low,0.0547948535,0.0551224335,0.0049089905,0.00405323699999999
Ruminococcaceae bacterium P7,M00048,K01952,Low,0.088304111,0.093470739,0.01269911925,0.00894917874999999
Ruminococcaceae bacterium P7,M00082,K01961,High,0.0741687245,0.060116954,0.00967029899999999,0.00941931100000001
Ruminococcaceae bacterium P7,M00376,K01961,High,0.0741687245,0.060116954,0.00967029899999999,0.00941931100000001
Ruminococcaceae bacterium P7,M00082,K01962,High,0.1033821115,0.086262715,0.01539739725,0.02064427425
Ruminococcaceae bacterium P7,M00376,K01962,High,0.1033821115,0.086262715,0.01539739725,0.02064427425
Ruminococcaceae bacterium P7,M00082,K01963,High,0.1033821115,0.086262715,0.01539739725,0.02064427425
Ruminococcaceae bacterium P7,M00376,K01963,High,0.1033821115,0.086262715,0.01539739725,0.02064427425
Ruminococcaceae bacterium P7,M00082,K02160,High,0.1678523465,0.086169061,0.10646563325,0.012151823
Ruminococcaceae bacterium P7,M00376,K02160,High,0.1678523465,0.086169061,0.10646563325,0.012151823
Ruminococcaceae bacterium P7,M00855,K02438,High,0.1216066385,0.106067505,0.0112237065,0.00717262299999999
Ruminococcus albus KH2T6,M00002,K00134,High,0.113880126,0.0674775185,0.076945919,0.071059205
Ruminococcus albus KH2T6,M00003,K00134,High,0.113880126,0.0674775185,0.076945919,0.071059205
Ruminococcus albus KH2T6,M00002,K00927,High,0.151681441,0.116377943,0.042291731,0.029370846
Ruminococcus albus KH2T6,M00003,K00927,High,0.151681441,0.116377943,0.042291731,0.029370846
Ruminococcus albus KH2T6,M00002,K01689,High,0.1223347505,0.066816791,0.0251346085,0.017735321
Ruminococcus albus KH2T6,M00003,K01689,High,0.1223347505,0.066816791,0.0251346085,0.017735321
Ruminococcus albus KH2T6,M00002,K01803,High,0.151681441,0.116377943,0.042291731,0.029370846
Ruminococcus albus KH2T6,M00003,K01803,High,0.151681441,0.116377943,0.042291731,0.029370846
Ruminococcus flavefaciens MC2020,M00165,K00134,High,0.090878661,0.0735047995,0.02753067325,0.025482643
Ruminococcus flavefaciens MC2020,M00165,K00615,High,0.075810277,0.0653285665,0.00273314,0.00733899874999999
Ruminococcus flavefaciens MC2020,M00165,K00927,High,0.075115483,0.064938923,0.02105141575,0.01046155525
Ruminococcus flavefaciens MC2020,M00165,K01803,High,0.075115483,0.064938923,0.02105141575,0.01046155525
Selenomonas ruminantium AB3002,M00376,K00239,Low,0.019631493,0.0276030685,0.000654383000000001,0.000862595500000001
Selenomonas ruminantium AB3002,M00376,K00240,Low,0.03265595,0.051210467,0.012559981,0.00222654199999999
Selenomonas ruminantium AB3002,M00376,K00241,Low,0.0447735375,0.043625498,0.01222017375,0.014541833
Selenomonas ruminantium AB3002,M00376,K01847,Low,0.035605733,0.09913456,0.0120622375,0.063343886
Selenomonas ruminantium AB3002,M00376,K01849,Low,0.027225013,0.09913456,0.0202178435,0.0735849015
Succiniclasticum ruminis DSM11005,M00026,K00013,Low,0.053565641,0.066549418,0.010264198,0.00272437550000002
Succiniclasticum ruminis DSM11005,M00004,K00033,Low,0.07941304,0.0803005595,0.0195198885,0.010346351
Succiniclasticum ruminis DSM11005,M00019,K00053,Low,0.0476667845,0.092448586,0.0219850645,0.0561322445
Succiniclasticum ruminis DSM11005,M00793,K00067,Low,0.0786589395,0.0786490345,0.02243081325,0.010985706
Succiniclasticum ruminis DSM11005,M00016,K00133,Low,0.0263507985,0.0373980795,0.007475107,0.0047283995
Succiniclasticum ruminis DSM11005,M00525,K00133,Low,0.0263507985,0.0373980795,0.007475107,0.0047283995
Succiniclasticum ruminis DSM11005,M00527,K00133,Low,0.0263507985,0.0373980795,0.007475107,0.0047283995
Succiniclasticum ruminis DSM11005,M00001,K00134,Low,0.10148427,0.097257959,0.04445516675,0.02649525225
Succiniclasticum ruminis DSM11005,M00165,K00134,Low,0.10148427,0.097257959,0.04445516675,0.02649525225
Succiniclasticum ruminis DSM11005,M00028,K00145,Low,0.112248389,0.135337226,0.0427230345,0.00510786800000002
Succiniclasticum ruminis DSM11005,M00009,K00174,Low,0.0299848825,0.0316168535,0.0183158665,0.010000874
Succiniclasticum ruminis DSM11005,M00011,K00174,Low,0.0299848825,0.0316168535,0.0183158665,0.010000874
Succiniclasticum ruminis DSM11005,M00173,K00174,Low,0.0299848825,0.0316168535,0.0183158665,0.010000874
Succiniclasticum ruminis DSM11005,M00620,K00174,Low,0.0299848825,0.0316168535,0.0183158665,0.010000874
Succiniclasticum ruminis DSM11005,M00009,K00175,Low,0.037676541,0.043437515,0.01087155175,0.004603808
Succiniclasticum ruminis DSM11005,M00011,K00175,Low,0.037676541,0.043437515,0.01087155175,0.004603808
Succiniclasticum ruminis DSM11005,M00173,K00175,Low,0.037676541,0.043437515,0.01087155175,0.004603808
Succiniclasticum ruminis DSM11005,M00620,K00175,Low,0.037676541,0.043437515,0.01087155175,0.004603808
Succiniclasticum ruminis DSM11005,M00009,K00176,Low,0.015172606,0.015172606,0.016762117,0.0034483195
Succiniclasticum ruminis DSM11005,M00011,K00176,Low,0.015172606,0.015172606,0.016762117,0.0034483195
Succiniclasticum ruminis DSM11005,M00173,K00176,Low,0.015172606,0.015172606,0.016762117,0.0034483195
Succiniclasticum ruminis DSM11005,M00620,K00176,Low,0.015172606,0.015172606,0.016762117,0.0034483195
Succiniclasticum ruminis DSM11005,M00009,K00177,Low,0.061259234,0.0740885625,0.01709833,0.0103862415
Succiniclasticum ruminis DSM11005,M00011,K00177,Low,0.061259234,0.0740885625,0.01709833,0.0103862415
Succiniclasticum ruminis DSM11005,M00173,K00177,Low,0.061259234,0.0740885625,0.01709833,0.0103862415
Succiniclasticum ruminis DSM11005,M00620,K00177,Low,0.061259234,0.0740885625,0.01709833,0.0103862415
Succiniclasticum ruminis DSM11005,M00016,K00215,Low,0.1327987965,0.129774284,0.042493682,0.00781338349999999
Succiniclasticum ruminis DSM11005,M00525,K00215,Low,0.1327987965,0.129774284,0.042493682,0.00781338349999999
Succiniclasticum ruminis DSM11005,M00527,K00215,Low,0.1327987965,0.129774284,0.042493682,0.00781338349999999
Succiniclasticum ruminis DSM11005,M00924,K00595,Low,0.078591048,0.0937733175,0.0308570315,0.01047412725
Succiniclasticum ruminis DSM11005,M00925,K00595,Low,0.078591048,0.0937733175,0.0308570315,0.01047412725
Succiniclasticum ruminis DSM11005,M00004,K00615,Low,0.0831091445,0.0953855905,0.0131922495,0.0084301245
Succiniclasticum ruminis DSM11005,M00165,K00615,Low,0.0831091445,0.0953855905,0.0131922495,0.0084301245
Succiniclasticum ruminis DSM11005,M00004,K00616,Low,0.033467202,0.044249769,0.00223312050000001,0.00884457875
Succiniclasticum ruminis DSM11005,M00028,K00620,Low,0.117790639,0.1293435015,0.016426128,0.013683137
Succiniclasticum ruminis DSM11005,M00374,K00626,Low,0.134556092,0.108290914,0.28501240325,0.01085728525
Succiniclasticum ruminis DSM11005,M00026,K00765,Low,0.0565256565,0.064183274,0.00884677525,0.00359567675000001
Succiniclasticum ruminis DSM11005,M00026,K00817,Low,0.062381088,0.0985391695,0.025757578,0.01071855925
Succiniclasticum ruminis DSM11005,M00016,K00821,Low,0.064993572,0.0714328105,0.00558547925,0.00296643175
Succiniclasticum ruminis DSM11005,M00028,K00821,Low,0.064993572,0.0714328105,0.00558547925,0.00296643175
Succiniclasticum ruminis DSM11005,M00001,K00927,Low,0.055888366,0.0641727355,0.01135643275,0.000526857000000006
Succiniclasticum ruminis DSM11005,M00165,K00927,Low,0.055888366,0.0641727355,0.01135643275,0.000526857000000006
Succiniclasticum ruminis DSM11005,M00016,K00928,Low,0.052962775,0.0533573495,0.031580837,0.0022192525
Succiniclasticum ruminis DSM11005,M00525,K00928,Low,0.052962775,0.0533573495,0.031580837,0.0022192525
Succiniclasticum ruminis DSM11005,M00527,K00928,Low,0.052962775,0.0533573495,0.031580837,0.0022192525
Succiniclasticum ruminis DSM11005,M00028,K00930,Low,0.11133417,0.125366906,0.00867365650000002,0.00782709625
Succiniclasticum ruminis DSM11005,M00793,K00973,Low,0.0603877865,0.062104884,0.0092789555,0.017398785
Succiniclasticum ruminis DSM11005,M00173,K01006,Low,0.0676662745,0.076587942,0.014166697,0.00379500475
Succiniclasticum ruminis DSM11005,M00173,K01007,Low,0.0406401275,0.041158408,0.01886937925,0.000952150999999998
Succiniclasticum ruminis DSM11005,M00374,K01007,Low,0.0406401275,0.041158408,0.01886937925,0.000952150999999998
Succiniclasticum ruminis DSM11005,M00004,K01057,Low,0.022390898,0.032733983,0.0072584205,0.0034993745
Succiniclasticum ruminis DSM11005,M00026,K01089,Low,0.0881278645,0.129352031,0.01266572,0.004250849
Succiniclasticum ruminis DSM11005,M00026,K01496,Low,0.034995844,0.037495547,0.0023354305,0.00340404699999999
Succiniclasticum ruminis DSM11005,M00026,K01523,Low,0.034995844,0.037495547,0.0023354305,0.00340404699999999
Succiniclasticum ruminis DSM11005,M00016,K01586,Low,0.0615478115,0.0688508285,0.027455577,0.003345207
Succiniclasticum ruminis DSM11005,M00525,K01586,Low,0.0615478115,0.0688508285,0.027455577,0.003345207
Succiniclasticum ruminis DSM11005,M00527,K01586,Low,0.0615478115,0.0688508285,0.027455577,0.003345207
Succiniclasticum ruminis DSM11005,M00001,K01623,Low,0.0260093165,0.05538731,0.026142698,0.00425261525
Succiniclasticum ruminis DSM11005,M00165,K01623,Low,0.0260093165,0.05538731,0.026142698,0.00425261525
Succiniclasticum ruminis DSM11005,M00001,K01624,Low,0.019749728,0.020810998,0.00438552925,0.0022834515
Succiniclasticum ruminis DSM11005,M00165,K01624,Low,0.019749728,0.020810998,0.00438552925,0.0022834515
Succiniclasticum ruminis DSM11005,M00019,K01652,Low,0.0762848085,0.0972815495,0.0608573615,0.006616437
Succiniclasticum ruminis DSM11005,M00019,K01653,Low,0.0710341485,0.0624822745,0.0186625915,0.015652278
Succiniclasticum ruminis DSM11005,M00009,K01677,Low,0.04600049,0.062489839,0.0187924485,0.0184194275
Succiniclasticum ruminis DSM11005,M00011,K01677,Low,0.04600049,0.062489839,0.0187924485,0.0184194275
Succiniclasticum ruminis DSM11005,M00173,K01677,Low,0.04600049,0.062489839,0.0187924485,0.0184194275
Succiniclasticum ruminis DSM11005,M00374,K01677,Low,0.04600049,0.062489839,0.0187924485,0.0184194275
Succiniclasticum ruminis DSM11005,M00620,K01677,Low,0.04600049,0.062489839,0.0187924485,0.0184194275
Succiniclasticum ruminis DSM11005,M00009,K01678,Low,0.0392783965,0.0495232175,0.019167105,0.000871665250000001
Succiniclasticum ruminis DSM11005,M00011,K01678,Low,0.0392783965,0.0495232175,0.019167105,0.000871665250000001
Succiniclasticum ruminis DSM11005,M00173,K01678,Low,0.0392783965,0.0495232175,0.019167105,0.000871665250000001
Succiniclasticum ruminis DSM11005,M00374,K01678,Low,0.0392783965,0.0495232175,0.019167105,0.000871665250000001
Succiniclasticum ruminis DSM11005,M00620,K01678,Low,0.0392783965,0.0495232175,0.019167105,0.000871665250000001
Succiniclasticum ruminis DSM11005,M00019,K01687,Low,0.050399251,0.078519337,0.030867233,0.02268233875
Succiniclasticum ruminis DSM11005,M00001,K01689,Low,0.056387755,0.051744381,0.01114191,0.01056916225
Succiniclasticum ruminis DSM11005,M00026,K01693,Low,0.0881278645,0.129352031,0.01266572,0.004250849
Succiniclasticum ruminis DSM11005,M00121,K01698,Low,0.0538437365,0.058007286,0.02987687125,0.00515439325000001
Succiniclasticum ruminis DSM11005,M00846,K01698,Low,0.0538437365,0.058007286,0.02987687125,0.00515439325000001
Succiniclasticum ruminis DSM11005,M00926,K01698,Low,0.0538437365,0.058007286,0.02987687125,0.00515439325000001
Succiniclasticum ruminis DSM11005,M00793,K01710,Low,0.053000853,0.0713488025,0.01249678375,0.00836546424999998
Succiniclasticum ruminis DSM11005,M00016,K01714,Low,0.044981717,0.050899994,0.00779172500000001,0.00468724374999999
Succiniclasticum ruminis DSM11005,M00525,K01714,Low,0.044981717,0.050899994,0.00779172500000001,0.00468724374999999
Succiniclasticum ruminis DSM11005,M00527,K01714,Low,0.044981717,0.050899994,0.00779172500000001,0.00468724374999999
Succiniclasticum ruminis DSM11005,M00121,K01719,Low,0.058745028,0.066060387,0.029431677,0.004860928
Succiniclasticum ruminis DSM11005,M00846,K01719,Low,0.058745028,0.066060387,0.029431677,0.004860928
Succiniclasticum ruminis DSM11005,M00926,K01719,Low,0.058745028,0.066060387,0.029431677,0.004860928
Succiniclasticum ruminis DSM11005,M00121,K01749,Low,0.041510543,0.055510561,0.0064566545,0.0082058635
Succiniclasticum ruminis DSM11005,M00846,K01749,Low,0.041510543,0.055510561,0.0064566545,0.0082058635
Succiniclasticum ruminis DSM11005,M00926,K01749,Low,0.041510543,0.055510561,0.0064566545,0.0082058635
Succiniclasticum ruminis DSM11005,M00016,K01778,Low,0.0599314765,0.0721363675,0.02838699675,0.00750843425000002
Succiniclasticum ruminis DSM11005,M00525,K01778,Low,0.0599314765,0.0721363675,0.02838699675,0.00750843425000002
Succiniclasticum ruminis DSM11005,M00527,K01778,Low,0.0599314765,0.0721363675,0.02838699675,0.00750843425000002
Succiniclasticum ruminis DSM11005,M00004,K01783,Low,0.090396083,0.0804472945,0.05394592625,0.0342919655
Succiniclasticum ruminis DSM11005,M00165,K01783,Low,0.090396083,0.0804472945,0.05394592625,0.0342919655
Succiniclasticum ruminis DSM11005,M00793,K01790,Low,0.055368572,0.0798485795,0.013700709,0.0143756335
Succiniclasticum ruminis DSM11005,M00001,K01803,Low,0.055888366,0.0641727355,0.01135643275,0.000526857000000006
Succiniclasticum ruminis DSM11005,M00165,K01803,Low,0.055888366,0.0641727355,0.01135643275,0.000526857000000006
Succiniclasticum ruminis DSM11005,M00004,K01808,Low,0.045611015,0.152075034,0.0422852125,0.017633584
Succiniclasticum ruminis DSM11005,M00165,K01808,Low,0.045611015,0.152075034,0.0422852125,0.017633584
Succiniclasticum ruminis DSM11005,M00001,K01810,Low,0.046404278,0.0699672985,0.03220577,0.0145089985
Succiniclasticum ruminis DSM11005,M00004,K01810,Low,0.046404278,0.0699672985,0.03220577,0.0145089985
Succiniclasticum ruminis DSM11005,M00026,K01814,Low,0.027597154,0.037736745,0.0065401115,0.00361104775
Succiniclasticum ruminis DSM11005,M00001,K01834,Low,0.079694149,0.128024672,0.0150065105,0.00775794525
Succiniclasticum ruminis DSM11005,M00121,K01845,Low,0.0498655915,0.060916873,0.0075427865,0.005726989
Succiniclasticum ruminis DSM11005,M00846,K01845,Low,0.0498655915,0.060916873,0.0075427865,0.005726989
Succiniclasticum ruminis DSM11005,M00926,K01845,Low,0.0498655915,0.060916873,0.0075427865,0.005726989
Succiniclasticum ruminis DSM11005,M00121,K01885,Low,0.057022823,0.0592713315,0.00978983725,0.0020254235
Succiniclasticum ruminis DSM11005,M00009,K01902,Low,0.0329827975,0.0672480845,0.03227059625,0.0114764885
Succiniclasticum ruminis DSM11005,M00011,K01902,Low,0.0329827975,0.0672480845,0.03227059625,0.0114764885
Succiniclasticum ruminis DSM11005,M00173,K01902,Low,0.0329827975,0.0672480845,0.03227059625,0.0114764885
Succiniclasticum ruminis DSM11005,M00374,K01902,Low,0.0329827975,0.0672480845,0.03227059625,0.0114764885
Succiniclasticum ruminis DSM11005,M00620,K01902,Low,0.0329827975,0.0672480845,0.03227059625,0.0114764885
Succiniclasticum ruminis DSM11005,M00009,K01903,Low,0.029856785,0.055902956,0.02362295325,0.01210434725
Succiniclasticum ruminis DSM11005,M00011,K01903,Low,0.029856785,0.055902956,0.02362295325,0.01210434725
Succiniclasticum ruminis DSM11005,M00173,K01903,Low,0.029856785,0.055902956,0.02362295325,0.01210434725
Succiniclasticum ruminis DSM11005,M00374,K01903,Low,0.029856785,0.055902956,0.02362295325,0.01210434725
Succiniclasticum ruminis DSM11005,M00620,K01903,Low,0.029856785,0.055902956,0.02362295325,0.01210434725
Succiniclasticum ruminis DSM11005,M00173,K01958,Low,0.0472252105,0.056595731,0.02335170275,0.00782452125
Succiniclasticum ruminis DSM11005,M00173,K01960,Low,0.036241381,0.037838854,0.003373647,0.00310524075
Succiniclasticum ruminis DSM11005,M00620,K01960,Low,0.036241381,0.037838854,0.003373647,0.00310524075
Succiniclasticum ruminis DSM11005,M00924,K02190,Low,0.0788557295,0.0986346205,0.0276717855,0.00638787975000001
Succiniclasticum ruminis DSM11005,M00924,K02191,Low,0.0672888615,0.066330865,0.01491688025,0.010915522
Succiniclasticum ruminis DSM11005,M00924,K02224,Low,0.093711859,0.086866759,0.02051296425,0.00521427925000001
Succiniclasticum ruminis DSM11005,M00925,K02224,Low,0.093711859,0.086866759,0.02051296425,0.00521427925000001
Succiniclasticum ruminis DSM11005,M00925,K02230,Low,0.085217679,0.1168502055,0.01892849825,0.006672896
Succiniclasticum ruminis DSM11005,M00846,K02303,Low,0.058745028,0.066060387,0.029431677,0.004860928
Succiniclasticum ruminis DSM11005,M00924,K02303,Low,0.058745028,0.066060387,0.029431677,0.004860928
Succiniclasticum ruminis DSM11005,M00925,K02303,Low,0.058745028,0.066060387,0.029431677,0.004860928
Succiniclasticum ruminis DSM11005,M00846,K02304,Low,0.0869340005,0.0895905025,0.00924702475,0.0097585605
Succiniclasticum ruminis DSM11005,M00924,K02304,Low,0.0869340005,0.0895905025,0.00924702475,0.0097585605
Succiniclasticum ruminis DSM11005,M00121,K02492,Low,0.062137746,0.0919738605,0.03889383525,0.00262445850000001
Succiniclasticum ruminis DSM11005,M00846,K02492,Low,0.062137746,0.0919738605,0.03889383525,0.00262445850000001
Succiniclasticum ruminis DSM11005,M00926,K02492,Low,0.062137746,0.0919738605,0.03889383525,0.00262445850000001
Succiniclasticum ruminis DSM11005,M00026,K02501,Low,0.160520607,0.1634100815,0.1095991545,0.00592407924999999
Succiniclasticum ruminis DSM11005,M00026,K02502,Low,0.0565256565,0.064183274,0.00884677525,0.00359567675000001
[Eubacterium] cellulosolvens 6,M00026,K00013,Low,0.0673629895,0.076037635,0.01298943775,0.0195148705
[Eubacterium] cellulosolvens 6,M00026,K00817,Low,0.077659452,0.1191353515,0.122401886,0.0168475495
[Eubacterium] cellulosolvens 6,M00026,K01089,Low,0.077659452,0.1191353515,0.122401886,0.0168475495
[Eubacterium] cellulosolvens 6,M00026,K01693,Low,0.077659452,0.1191353515,0.122401886,0.0168475495
[Eubacterium] cellulosolvens LD2006,M00173,K00031,Low,0.109178574,0.122256008,0.0286687885,0.01031599725
[Eubacterium] cellulosolvens LD2006,M00570,K00053,High,0.033096927,0.060029294,0.008540189,0.00246842975
[Eubacterium] cellulosolvens LD2006,M00001,K00134,High,0.125724791,0.150786899,0.01408441575,0.01734286675
[Eubacterium] cellulosolvens LD2006,M00003,K00134,High,0.125724791,0.150786899,0.01408441575,0.01734286675
[Eubacterium] cellulosolvens LD2006,M00845,K00145,High,0.124137931,0.118421053,0.0250413995,0.032692308
[Eubacterium] cellulosolvens LD2006,M00173,K00169,Low,0.0892836,0.087535247,0.010430046,0.0103198015
[Eubacterium] cellulosolvens LD2006,M00173,K00170,Low,0.111444732,0.1218233585,0.0092094185,0.02388523375
[Eubacterium] cellulosolvens LD2006,M00173,K00172,Low,0.076753385,0.098210247,0.0120169445,0.015164817
[Eubacterium] cellulosolvens LD2006,M00845,K00821,High,0.100490196,0.113411218,0.011791481,0.0124505475
[Eubacterium] cellulosolvens LD2006,M00570,K00826,High,0.114952597,0.0456039505,0.0354427015,0.0185247655
[Eubacterium] cellulosolvens LD2006,M00001,K00850,High,0.106758132,0.0819891405,0.02674738925,0.01834779375
[Eubacterium] cellulosolvens LD2006,M00001,K00927,High,0.1238074655,0.0910369715,0.007653022,0.00868735050000001
[Eubacterium] cellulosolvens LD2006,M00003,K00927,High,0.1238074655,0.0910369715,0.007653022,0.00868735050000001
[Eubacterium] cellulosolvens LD2006,M00173,K01006,Low,0.091202081,0.092502514,0.00692319699999999,0.01325784475
[Eubacterium] cellulosolvens LD2006,M00003,K01610,High,0.081936656,0.090308909,0.00954348900000002,0.013132314
[Eubacterium] cellulosolvens LD2006,M00001,K01624,High,0.109542478,0.061559221,0.0230667135,0.015561026
[Eubacterium] cellulosolvens LD2006,M00003,K01624,High,0.109542478,0.061559221,0.0230667135,0.015561026
[Eubacterium] cellulosolvens LD2006,M00570,K01652,High,0.088661402,0.0895548855,0.020933463,0.01520376075
[Eubacterium] cellulosolvens LD2006,M00570,K01653,High,0.1334642615,0.1228536255,0.017386621,0.0686906595
[Eubacterium] cellulosolvens LD2006,M00173,K01681,Low,0.0775455745,0.0986680475,0.00437501375,0.00734966300000001
[Eubacterium] cellulosolvens LD2006,M00570,K01687,High,0.096759447,0.087626123,0.0114944975,0.0180890665
[Eubacterium] cellulosolvens LD2006,M00001,K01689,High,0.075418979,0.0716311365,0.00692325949999999,0.01939629
[Eubacterium] cellulosolvens LD2006,M00003,K01689,High,0.075418979,0.0716311365,0.00692325949999999,0.01939629
[Eubacterium] cellulosolvens LD2006,M00570,K01754,High,0.102917218,0.0929873775,0.05101772325,0.0132708165
[Eubacterium] cellulosolvens LD2006,M00845,K01755,High,0.112276451,0.0656816175,0.028222232,0.00952233625
[Eubacterium] cellulosolvens LD2006,M00001,K01803,High,0.1238074655,0.0910369715,0.007653022,0.00868735050000001
[Eubacterium] cellulosolvens LD2006,M00003,K01803,High,0.1238074655,0.0910369715,0.007653022,0.00868735050000001
[Eubacterium] cellulosolvens LD2006,M00001,K01810,High,0.1054875625,0.1045719505,0.023950763,0.00503719000000001
[Eubacterium] cellulosolvens LD2006,M00845,K01940,High,0.133867277,0.0923872755,0.0449886105,0.01340252075
[Eubacterium] cellulosolvens LD2006,M00173,K01960,Low,0.113041157,0.10586289,0.0234718305,0.013167645
